Driver,From,To
adolf brudes,veritas,veritas
adolfo cruz,cooper,cooper
adrian sutil,spyker,spyker
adrian sutil,spyker,force india
adrian sutil,force india,sauber
adrián campos,minardi,minardi
aguri suzuki,larrousse,larrousse
aguri suzuki,larrousse,zakspeed
aguri suzuki,zakspeed,larrousse
aguri suzuki,larrousse,lola
aguri suzuki,lola,footwork
aguri suzuki,footwork,jordan
aguri suzuki,jordan,ligier
al herman,kurtis kraft,kurtis kraft
al herman,kurtis kraft,dunn
al herman,dunn,ewing
al keller,kurtis kraft,kurtis kraft
al keller,kurtis kraft,kuzma
al pease,eagle-climax,eagle-climax
alain de changy,cooper-climax,cooper-climax
alain prost,mclaren,mclaren
alain prost,mclaren,renault
alain prost,renault,mclaren
alain prost,mclaren,ferrari
alain prost,ferrari,williams
alan brown,cooper,cooper
alan jones,hesketh,hesketh
alan jones,hesketh,embassy hill
alan jones,embassy hill,surtees
alan jones,surtees,shadow
alan jones,shadow,williams
alan jones,williams,arrows
alan jones,arrows,lola
alan rees,brabham-ford,brabham-ford
alan rees,brabham-ford,cooper-maserati
alan rollinson,cooper-ford,cooper-ford
alan stacey,team lotus,team lotus
albert scherrer,hwm,hwm
alberto ascari,ferrari,ferrari
alberto ascari,ferrari,lancia
alberto ascari,lancia,maserati
alberto ascari,maserati,lancia
alberto colombo,merzario,merzario
alberto colombo,merzario,ats
alberto crespo,maserati,maserati
alberto rodriguez larreta,team lotus,team lotus
alberto uria,maserati,maserati
aldo gordini,simca,simca
alessandro de tomaso,ferrari,ferrari
alessandro de tomaso,ferrari,cooper-osca
alessandro nannini,minardi,minardi
alessandro nannini,minardi,benetton
alessandro pesenti-rossi,tyrrell,tyrrell
alessandro zanardi,jordan,jordan
alessandro zanardi,jordan,minardi
alessandro zanardi,minardi,team lotus
alessandro zanardi,team lotus,williams
alex blignaut,cooper-climax,cooper-climax
alex caffi,osella,osella
alex caffi,osella,dallara
alex caffi,dallara,arrows
alex caffi,arrows,footwork
alex ribeiro,hesketh,hesketh
alex ribeiro,hesketh,march
alex ribeiro,march,fittipaldi
alex soler-roig,team lotus,team lotus
alex soler-roig,team lotus,march-ford
alex soler-roig,march-ford,brm
alex yoong,minardi,minardi
alexander albon,toro rosso,toro rosso
alexander albon,toro rosso,red bull
alexander albon,red bull,williams
alexander rossi,manor marussia,manor marussia
alexander wurz,benetton,benetton
alexander wurz,benetton,mclaren
alexander wurz,mclaren,williams
alfonso de portago,ferrari,ferrari
alfonso thiele,cooper-maserati,cooper-maserati
alfonso thiele,cooper-maserati,cooper-climax
alfredo pián,maserati,maserati
allan mcnish,toyota,toyota
allen berg,osella,osella
andrea chiesa,fondmetal,fondmetal
andrea de adamich,ferrari,ferrari
andrea de adamich,ferrari,mclaren-alfa romeo
andrea de adamich,mclaren-alfa romeo,march-alfa romeo
andrea de adamich,march-alfa romeo,surtees
andrea de adamich,surtees,brabham
andrea de cesaris,alfa romeo,alfa romeo
andrea de cesaris,alfa romeo,mclaren
andrea de cesaris,mclaren,alfa romeo
andrea de cesaris,alfa romeo,ligier
andrea de cesaris,ligier,minardi
andrea de cesaris,minardi,brabham
andrea de cesaris,brabham,rial
andrea de cesaris,rial,dallara
andrea de cesaris,dallara,jordan
andrea de cesaris,jordan,tyrrell
andrea de cesaris,tyrrell,jordan
andrea de cesaris,jordan,sauber
andrea montermini,simtek,simtek
andrea montermini,simtek,pacific
andrea montermini,pacific,forti
andré guelfi,cooper,cooper
andré lotterer,caterham,caterham
andré milhoux,gordini,gordini
andré pilette,talbot-lago,talbot-lago
andré pilette,talbot-lago,connaught
andré pilette,connaught,gordini
andré pilette,gordini,ferrari
andré pilette,ferrari,gordini
andré pilette,gordini,emeryson
andré pilette,emeryson,lotus-climax
andré pilette,lotus-climax,scirocco
andré simon,simca,simca
andré simon,simca,ferrari
andré simon,ferrari,mercedes
andré simon,mercedes,maserati
andré simon,maserati,gordini
andré simon,gordini,maserati
andré testut,maserati,maserati
andy linden,sherman,sherman
andy linden,sherman,kurtis kraft
andy linden,kurtis kraft,stevens
andy linden,stevens,kurtis kraft
andy linden,kurtis kraft,nichels
andy linden,nichels,kurtis kraft
andy linden,kurtis kraft,schroeder
andy linden,schroeder,kurtis kraft
andy sutcliffe,march,march
anthony davidson,minardi,minardi
anthony davidson,minardi,bar
anthony davidson,bar,super aguri
anthony foyt,kuzma,kuzma
anthony foyt,kuzma,kurtis kraft
antonio creus,maserati,maserati
antonio giovinazzi,sauber,sauber
antonio giovinazzi,sauber,alfa romeo
antônio pizzonia,jaguar,jaguar
antônio pizzonia,jaguar,williams
archie scott brown,connaught,connaught
art bisch,kuzma,kuzma
art cross,kurtis kraft,kurtis kraft
arthur legat,veritas,veritas
arthur owen,cooper-climax,cooper-climax
arturo merzario,ferrari,ferrari
arturo merzario,ferrari,iso marlboro
arturo merzario,iso marlboro,williams
arturo merzario,williams,fittipaldi
arturo merzario,fittipaldi,march
arturo merzario,march,wolf
arturo merzario,wolf,march
arturo merzario,march,shadow
arturo merzario,shadow,merzario
ayrton senna,toleman,toleman
ayrton senna,toleman,team lotus
ayrton senna,team lotus,mclaren
ayrton senna,mclaren,williams
azdrubal fontes,maserati,maserati
basil van rooyen,cooper-climax,cooper-climax
basil van rooyen,cooper-climax,mclaren-ford
bayliss levrett,adams,adams
ben pon,porsche,porsche
beppe gabbiani,surtees,surtees
beppe gabbiani,surtees,osella
bernard collomb,cooper-climax,cooper-climax
bernard collomb,cooper-climax,lotus-climax
bernard collomb,lotus-climax,lotus-brm
bernard de dryver,march,march
bernd schneider,zakspeed,zakspeed
bernd schneider,zakspeed,arrows
bernie ecclestone,connaught,connaught
bertil roos,shadow,shadow
bertrand gachot,rial,rial
bertrand gachot,rial,onyx
bertrand gachot,onyx,coloni
bertrand gachot,coloni,jordan
bertrand gachot,jordan,larrousse
bertrand gachot,larrousse,pacific
bill aston,aston butterworth,aston butterworth
bill brack,lotus-ford,lotus-ford
bill brack,lotus-ford,brm
bill cantrell,adams,adams
bill cheesbourg,kurtis kraft,kurtis kraft
bill cheesbourg,kurtis kraft,kuzma
bill holland,deidt,deidt
bill holland,deidt,kurtis kraft
bill homeier,kurtis kraft,kurtis kraft
bill homeier,kurtis kraft,kuzma
bill mackey,hall,hall
bill moss,cooper-climax,cooper-climax
bill schindler,snowberger,snowberger
bill schindler,snowberger,kurtis kraft
bill schindler,kurtis kraft,stevens
bill vukovich,trevis,trevis
bill vukovich,trevis,kurtis kraft
bill whitehouse,connaught,connaught
billy garrett,kuzma,kuzma
billy garrett,kuzma,kurtis kraft
bob anderson,lola,lola
bob anderson,lola,brabham-climax
bob bondurant,lotus-brm,lotus-brm
bob bondurant,lotus-brm,ferrari
bob bondurant,ferrari,brm
bob bondurant,brm,eagle-weslake
bob bondurant,eagle-weslake,eagle-climax
bob christie,kurtis kraft,kurtis kraft
bob drake,maserati,maserati
bob evans,brm,brm
bob evans,brm,team lotus
bob evans,team lotus,brabham-ford
bob gerard,era,era
bob gerard,era,cooper
bob said,connaught,connaught
bob scott,kurtis kraft,kurtis kraft
bob scott,kurtis kraft,bromme
bob scott,bromme,kurtis kraft
bob scott,kurtis kraft,schroeder
bob scott,schroeder,stevens
bob sweikert,kurtis kraft,kurtis kraft
bob sweikert,kurtis kraft,kuzma
bob sweikert,kuzma,kurtis kraft
bob sweikert,kurtis kraft,kuzma
bob veith,kurtis kraft,kurtis kraft
bob veith,kurtis kraft,phillips
bob veith,phillips,kurtis kraft
bob veith,kurtis kraft,moore
bob veith,moore,meskowski
bobby ball,schroeder,schroeder
bobby ball,schroeder,stevens
bobby grim,kurtis kraft,kurtis kraft
bobby grim,kurtis kraft,meskowski
bobby rahal,wolf,wolf
bobby unser,brm,brm
boy lunger,penske,penske
boy lunger,penske,march
brausch niemann,lotus-ford,lotus-ford
brendon hartley,toro rosso,toro rosso
brett lunger,hesketh,hesketh
brett lunger,hesketh,surtees
brett lunger,surtees,march
brett lunger,march,mclaren
brett lunger,mclaren,ensign
brian gubby,lotus-climax,lotus-climax
brian hart,protos,protos
brian henton,team lotus,team lotus
brian henton,team lotus,march
brian henton,march,boro
brian henton,boro,toleman
brian henton,toleman,tyrrell
brian henton,tyrrell,arrows
brian mcguire,mcguire,mcguire
brian naylor,cooper,cooper
brian naylor,cooper,jbw
brian naylor,jbw,cooper-maserati
brian naylor,cooper-maserati,jbw
brian redman,cooper-maserati,cooper-maserati
brian redman,cooper-maserati,cooper-brm
brian redman,cooper-brm,de tomaso
brian redman,de tomaso,surtees
brian redman,surtees,mclaren
brian redman,mclaren,brm
brian redman,brm,shadow
brian shawe taylor,maserati,maserati
brian shawe taylor,maserati,era
bruce halford,maserati,maserati
bruce halford,maserati,team lotus
bruce halford,team lotus,cooper-climax
bruce johnstone,brm,brm
bruce kessler,connaught,connaught
bruce mclaren,cooper,cooper
bruce mclaren,cooper,cooper-climax
bruce mclaren,cooper-climax,mclaren-serenissima
bruce mclaren,mclaren-serenissima,mclaren-ford
bruce mclaren,mclaren-ford,mclaren-brm
bruce mclaren,mclaren-brm,eagle-weslake
bruce mclaren,eagle-weslake,mclaren-ford
bruce mclaren,mclaren-ford,mclaren
bruce mclaren,mclaren,mclaren-ford
bruno giacomelli,mclaren,mclaren
bruno giacomelli,mclaren,alfa romeo
bruno giacomelli,alfa romeo,toleman
bruno giacomelli,toleman,life
bruno senna,hrt,hrt
bruno senna,hrt,renault
bruno senna,renault,williams
bud tingelstad,trevis,trevis
cal niday,kurtis kraft,kurtis kraft
cal niday,kurtis kraft,stevens
cal niday,stevens,kurtis kraft
carel godin de beaufort,porsche,porsche
carel godin de beaufort,porsche,maserati
carel godin de beaufort,maserati,cooper-climax
carel godin de beaufort,cooper-climax,porsche
carl forberg,kurtis kraft,kurtis kraft
carl scarborough,kurtis kraft,kurtis kraft
carlo abate,lotus-climax,lotus-climax
carlo abate,lotus-climax,porsche
carlo facetti,brabham,brabham
carlo franchi,surtees,surtees
carlos menditeguy,gordini,gordini
carlos menditeguy,gordini,maserati
carlos menditeguy,maserati,cooper-maserati
carlos pace,march,march
carlos pace,march,surtees
carlos pace,surtees,brabham
carlos pace,brabham,brabham-alfa romeo
carlos pace,brabham-alfa romeo,brabham
carlos reutemann,brabham,brabham
carlos reutemann,brabham,brabham-alfa romeo
carlos reutemann,brabham-alfa romeo,ferrari
carlos reutemann,ferrari,team lotus
carlos reutemann,team lotus,williams
carlos sainz,toro rosso,toro rosso
carlos sainz,toro rosso,renault
carlos sainz,renault,toro rosso
carlos sainz,toro rosso,renault
carlos sainz,renault,mclaren
carlos sainz,mclaren,ferrari
carroll shelby,maserati,maserati
carroll shelby,maserati,aston martin
cecil green,kurtis kraft,kurtis kraft
cesare perdisa,maserati,maserati
cesare perdisa,maserati,ferrari
charles de tornaco,ferrari,ferrari
charles leclerc,sauber,sauber
charles leclerc,sauber,ferrari
charles pic,marussia,marussia
charles pic,marussia,caterham
charles pozzi,talbot-lago,talbot-lago
chet miller,kurtis kraft,kurtis kraft
chico landi,ferrari,ferrari
chico landi,ferrari,maserati
chico serra,fittipaldi,fittipaldi
chico serra,fittipaldi,arrows
chris amon,lola,lola
chris amon,lola,lotus-brm
chris amon,lotus-brm,lotus-climax
chris amon,lotus-climax,lotus-brm
chris amon,lotus-brm,brabham-brm
chris amon,brabham-brm,cooper-maserati
chris amon,cooper-maserati,ferrari
chris amon,ferrari,march
chris amon,march,matra
chris amon,matra,tyrrell
chris amon,tyrrell,tecno
chris amon,tecno,amon
chris amon,amon,brm
chris amon,brm,ensign
chris amon,ensign,wolf
chris bristow,cooper-borgward,cooper-borgward
chris bristow,cooper-borgward,cooper-climax
chris craft,brabham,brabham
chris irwin,brabham-climax,brabham-climax
chris irwin,brabham-climax,brm
chris irwin,brm,lotus-brm
chris lawrence,cooper-ferrari,cooper-ferrari
christian danner,zakspeed,zakspeed
christian danner,zakspeed,osella
christian danner,osella,arrows
christian danner,arrows,zakspeed
christian danner,zakspeed,rial
christian fittipaldi,minardi,minardi
christian fittipaldi,minardi,footwork
christian goethals,cooper,cooper
christian klien,jaguar,jaguar
christian klien,jaguar,red bull
christian klien,red bull,hrt
christijan albers,minardi,minardi
christijan albers,minardi,spyker mf1
christijan albers,spyker mf1,mf1
christijan albers,mf1,spyker
chuck arnold,kurtis kraft,kurtis kraft
chuck daigh,scarab,scarab
chuck daigh,scarab,cooper-climax
chuck stevenson,marchese,marchese
chuck stevenson,marchese,kurtis kraft
chuck stevenson,kurtis kraft,kuzma
chuck stevenson,kuzma,kurtis kraft
chuck stevenson,kurtis kraft,kuzma
chuck stevenson,kuzma,watson
chuck weyant,kurtis kraft,kurtis kraft
chuck weyant,kurtis kraft,kuzma
chuck weyant,kuzma,dunn
chuck weyant,dunn,kurtis kraft
claudio langes,euro brun,euro brun
clay regazzoni,ferrari,ferrari
clay regazzoni,ferrari,brm
clay regazzoni,brm,ferrari
clay regazzoni,ferrari,ensign
clay regazzoni,ensign,shadow
clay regazzoni,shadow,williams
clay regazzoni,williams,ensign
clemar bucci,gordini,gordini
clemar bucci,gordini,maserati
clemente biondetti,ferrari,ferrari
cliff allison,team lotus,team lotus
cliff allison,team lotus,maserati
cliff allison,maserati,ferrari
cliff allison,ferrari,lotus-climax
cliff griffith,kurtis kraft,kurtis kraft
cliff griffith,kurtis kraft,stevens
clive puzey,lotus-climax,lotus-climax
colin chapman,vanwall,vanwall
colin davis,cooper-maserati,cooper-maserati
colin davis,cooper-maserati,porsche
conny andersson,surtees,surtees
conny andersson,surtees,brm
consalvo sanesi,alfa romeo,alfa romeo
corrado fabi,osella,osella
corrado fabi,osella,brabham
cristiano da matta,toyota,toyota
cuth harrison,era,era
damien magee,williams,williams
damien magee,williams,brabham-ford
damon hill,brabham,brabham
damon hill,brabham,williams
damon hill,williams,arrows
damon hill,arrows,jordan
dan gurney,ferrari,ferrari
dan gurney,ferrari,brm
dan gurney,brm,porsche
dan gurney,porsche,lotus-brm
dan gurney,lotus-brm,porsche
dan gurney,porsche,brabham
dan gurney,brabham,brabham-climax
dan gurney,brabham-climax,eagle-climax
dan gurney,eagle-climax,eagle-weslake
dan gurney,eagle-weslake,eagle-climax
dan gurney,eagle-climax,eagle-weslake
dan gurney,eagle-weslake,mclaren-ford
dan gurney,mclaren-ford,brabham-repco
dan gurney,brabham-repco,mclaren-ford
daniel ricciardo,hrt,hrt
daniel ricciardo,hrt,toro rosso
daniel ricciardo,toro rosso,red bull
daniel ricciardo,red bull,renault
daniel ricciardo,renault,mclaren
daniel ricciardo,mclaren,alphatauri
daniel ricciardo,alphatauri,rb f1 team
daniil kvyat,toro rosso,toro rosso
daniil kvyat,toro rosso,red bull
daniil kvyat,red bull,toro rosso
daniil kvyat,toro rosso,alphatauri
danny kladis,bromme,bromme
danny ongais,penske,penske
danny ongais,penske,ensign
danny ongais,ensign,shadow
danny sullivan,tyrrell,tyrrell
dave charlton,lotus-ford,lotus-ford
dave charlton,lotus-ford,brabham-climax
dave charlton,brabham-climax,brabham-repco
dave charlton,brabham-repco,team lotus
dave charlton,team lotus,brabham
dave charlton,brabham,lotus-ford
dave charlton,lotus-ford,team lotus
dave charlton,team lotus,mclaren
dave kennedy,shadow,shadow
dave morgan,surtees,surtees
david brabham,brabham,brabham
david brabham,brabham,simtek
david clapham,cooper-maserati,cooper-maserati
david coulthard,williams,williams
david coulthard,williams,mclaren
david coulthard,mclaren,red bull
david hampshire,maserati,maserati
david hobbs,brm,brm
david hobbs,brm,lola
david hobbs,lola,honda
david hobbs,honda,mclaren
david murray,maserati,maserati
david murray,maserati,cooper
david piper,team lotus,team lotus
david prophet,brabham,brabham
david prophet,brabham,brabham-ford
david purley,march,march
david purley,march,token
david purley,token,lec
david walker,lotus-pratt &amp; whitney,lotus-pratt &amp; whitney
david walker,lotus-pratt &amp; whitney,team lotus
dempsey wilson,kuzma,kuzma
dempsey wilson,kuzma,kurtis kraft
dennis poore,connaught,connaught
dennis taylor,team lotus,team lotus
denny hulme,brabham-climax,brabham-climax
denny hulme,brabham-climax,brabham-repco
denny hulme,brabham-repco,mclaren-ford
denny hulme,mclaren-ford,mclaren-brm
denny hulme,mclaren-brm,mclaren
denny hulme,mclaren,mclaren-ford
denny hulme,mclaren-ford,mclaren
derek bell,ferrari,ferrari
derek bell,ferrari,mclaren-ford
derek bell,mclaren-ford,surtees
derek bell,surtees,brabham
derek bell,brabham,surtees
derek bell,surtees,tecno
derek bell,tecno,surtees
derek daly,hesketh,hesketh
derek daly,hesketh,ensign
derek daly,ensign,tyrrell
derek daly,tyrrell,march
derek daly,march,theodore
derek daly,theodore,williams
derek warwick,toleman,toleman
derek warwick,toleman,renault
derek warwick,renault,brabham
derek warwick,brabham,arrows
derek warwick,arrows,team lotus
derek warwick,team lotus,footwork
desiré wilson,williams,williams
desmond titterington,connaught,connaught
dick gibson,cooper,cooper
dick rathmann,watson,watson
dick rathmann,watson,kurtis kraft
dick rathmann,kurtis kraft,watson
didier pironi,tyrrell,tyrrell
didier pironi,tyrrell,ligier
didier pironi,ligier,ferrari
dieter quester,surtees,surtees
divina galica,surtees,surtees
divina galica,surtees,hesketh
domenico schiattarella,simtek,simtek
don beauman,connaught,connaught
don branson,phillips,phillips
don edmunds,kurtis kraft,kurtis kraft
don freeland,watson,watson
don freeland,watson,phillips
don freeland,phillips,kurtis kraft
don freeland,kurtis kraft,phillips
don freeland,phillips,kurtis kraft
dorino serafini,ferrari,ferrari
doug serrurier,lds,lds
doug serrurier,lds,lds-climax
dries van der lof,hwm,hwm
duane carter,stevens,stevens
duane carter,stevens,deidt
duane carter,deidt,lesovsky
duane carter,lesovsky,kurtis kraft
duane carter,kurtis kraft,kuzma
duane carter,kuzma,kurtis kraft
duane carter,kurtis kraft,kuzma
duke dinsmore,kurtis kraft,kurtis kraft
duke dinsmore,kurtis kraft,schroeder
duke dinsmore,schroeder,kurtis kraft
duke nalon,kurtis kraft,kurtis kraft
duncan hamilton,talbot-lago,talbot-lago
duncan hamilton,talbot-lago,hwm
ed elisian,stevens,stevens
ed elisian,stevens,kurtis kraft
ed elisian,kurtis kraft,watson
eddie cheever,theodore,theodore
eddie cheever,theodore,hesketh
eddie cheever,hesketh,osella
eddie cheever,osella,tyrrell
eddie cheever,tyrrell,ligier
eddie cheever,ligier,renault
eddie cheever,renault,alfa romeo
eddie cheever,alfa romeo,lola
eddie cheever,lola,arrows
eddie irvine,jordan,jordan
eddie irvine,jordan,ferrari
eddie irvine,ferrari,jaguar
eddie johnson,trevis,trevis
eddie johnson,trevis,kurtis kraft
eddie johnson,kurtis kraft,pawl
eddie johnson,pawl,trevis
eddie johnson,trevis,kuzma
eddie johnson,kuzma,kurtis kraft
eddie johnson,kurtis kraft,trevis
eddie keizan,tyrrell,tyrrell
eddie keizan,tyrrell,team lotus
eddie russo,pawl,pawl
eddie russo,pawl,kurtis kraft
eddie sachs,kuzma,kuzma
eddie sachs,kuzma,ewing
edgar barth,emw,emw
edgar barth,emw,porsche
edgar barth,porsche,cooper-climax
eitel cantoni,maserati,maserati
elio de angelis,shadow,shadow
elio de angelis,shadow,team lotus
elio de angelis,team lotus,brabham
eliseo salazar,ensign,ensign
eliseo salazar,ensign,osella
eliseo salazar,osella,march
eliseo salazar,march,ats
eliseo salazar,ats,ram
elmer george,kurtis kraft,kurtis kraft
emanuele naspetti,march,march
emanuele naspetti,march,jordan
emanuele pirro,benetton,benetton
emanuele pirro,benetton,dallara
emerson fittipaldi,team lotus,team lotus
emerson fittipaldi,team lotus,lotus-ford
emerson fittipaldi,lotus-ford,lotus-pratt &amp; whitney
emerson fittipaldi,lotus-pratt &amp; whitney,team lotus
emerson fittipaldi,team lotus,mclaren
emerson fittipaldi,mclaren,fittipaldi
emilio de villota,brabham-ford,brabham-ford
emilio de villota,brabham-ford,mclaren
emilio de villota,mclaren,march
emilio zapico,williams,williams
enrico bertaggia,coloni,coloni
enrique bernoldi,arrows,arrows
eppie wietzes,lotus-ford,lotus-ford
eppie wietzes,lotus-ford,brabham
eric brandon,cooper,cooper
eric thompson,connaught,connaught
eric van de poele,lambo,lambo
eric van de poele,lambo,brabham
eric van de poele,brabham,fondmetal
ernesto brambilla,cooper-maserati,cooper-maserati
ernesto prinoth,lotus-climax,lotus-climax
ernie de vos,stebro,stebro
ernie mccoy,stevens,stevens
ernie mccoy,stevens,kurtis kraft
ernie pieterse,lotus-climax,lotus-climax
ernst klodwig,bmw,bmw
ernst loof,veritas,veritas
erwin bauer,veritas,veritas
esteban gutiérrez,sauber,sauber
esteban gutiérrez,sauber,haas f1 team
esteban ocon,manor marussia,manor marussia
esteban ocon,manor marussia,force india
esteban ocon,force india,renault
esteban ocon,renault,alpine f1 team
esteban tuero,minardi,minardi
ettore chimeri,maserati,maserati
eugenio castellotti,lancia,lancia
eugenio castellotti,lancia,ferrari
eugène chaboud,talbot-lago,talbot-lago
eugène martin,talbot-lago,talbot-lago
fabrizio barbazza,ags,ags
fabrizio barbazza,ags,minardi
felice bonetto,milano,milano
felice bonetto,milano,maserati
felice bonetto,maserati,alfa romeo
felice bonetto,alfa romeo,maserati
felipe massa,sauber,sauber
felipe massa,sauber,ferrari
felipe massa,ferrari,williams
felipe nasr,sauber,sauber
fernando alonso,minardi,minardi
fernando alonso,minardi,renault
fernando alonso,renault,mclaren
fernando alonso,mclaren,renault
fernando alonso,renault,ferrari
fernando alonso,ferrari,mclaren
fernando alonso,mclaren,alpine f1 team
fernando alonso,alpine f1 team,aston martin
franck lagorce,ligier,ligier
franck montagny,super aguri,super aguri
franco colapinto,williams,williams
franco comotti,maserati,maserati
franco comotti,maserati,ferrari
franco forini,osella,osella
franco rol,maserati,maserati
franco rol,maserati,osca
franco rol,osca,maserati
frank armi,kurtis kraft,kurtis kraft
frank dochnal,cooper-climax,cooper-climax
frank gardner,brabham-ford,brabham-ford
frank gardner,brabham-ford,brabham-brm
frank gardner,brabham-brm,brm
françois cevert,march,march
françois cevert,march,tyrrell
françois hesnault,ligier,ligier
françois hesnault,ligier,brabham
françois hesnault,brabham,renault
françois mazet,march-ford,march-ford
françois migault,connew,connew
françois migault,connew,brm
françois migault,brm,lola
françois migault,lola,embassy hill
françois migault,embassy hill,williams
françois picard,cooper,cooper
fred agabashian,kurtis kraft,kurtis kraft
fred gamble,behra-porsche,behra-porsche
fred wacker,gordini,gordini
fritz d'orey,tec-mec,tec-mec
fritz d'orey,tec-mec,maserati
fritz riess,veritas,veritas
gabriele tarquini,osella,osella
gabriele tarquini,osella,coloni
gabriele tarquini,coloni,ags
gabriele tarquini,ags,fondmetal
gabriele tarquini,fondmetal,tyrrell
gaetano starrabba,lotus-maserati,lotus-maserati
gary brabham,life,life
gary hocking,lotus-climax,lotus-climax
gastón mazzacane,minardi,minardi
gastón mazzacane,minardi,prost
gene force,kurtis kraft,kurtis kraft
gene hartley,langley,langley
gene hartley,langley,kurtis kraft
gene hartley,kurtis kraft,kuzma
gene hartley,kuzma,kurtis kraft
gene hartley,kurtis kraft,kuzma
gene hartley,kuzma,lesovsky
gene hartley,lesovsky,kuzma
gene hartley,kuzma,kurtis kraft
geoff crossley,alta,alta
geoff duke,cooper-climax,cooper-climax
geoff lees,ensign,ensign
geoff lees,ensign,tyrrell
geoff lees,tyrrell,williams
geoff lees,williams,ensign
geoff lees,ensign,shadow
geoff lees,shadow,team lotus
geoff lees,team lotus,theodore
george abecassis,hwm,hwm
george amick,epperly,epperly
george connor,lesovsky,lesovsky
george connor,lesovsky,kurtis kraft
george constantine,cooper-borgward,cooper-borgward
george eaton,brm,brm
george follmer,shadow,shadow
george fonder,sherman,sherman
george fonder,sherman,schroeder
george fonder,schroeder,kurtis kraft
george russell,williams,williams
george russell,williams,mercedes
george russell,mercedes,williams
george russell,williams,mercedes
georges berger,simca,simca
georges berger,simca,gordini
georges grignard,talbot-lago,talbot-lago
gerhard berger,ats,ats
gerhard berger,ats,arrows
gerhard berger,arrows,benetton
gerhard berger,benetton,ferrari
gerhard berger,ferrari,mclaren
gerhard berger,mclaren,ferrari
gerhard berger,ferrari,benetton
gerhard mitter,porsche,porsche
gerhard mitter,porsche,lotus-climax
gerino gerini,maserati,maserati
gerry ashmore,lotus-climax,lotus-climax
gerry ashmore,lotus-climax,brm
gerry ashmore,brm,lotus-climax
giacomo russo,brabham-brm,brabham-brm
giacomo russo,brabham-brm,lotus-climax
giancarlo baghetti,ferrari,ferrari
giancarlo baghetti,ferrari,ats
giancarlo baghetti,ats,brm
giancarlo baghetti,brm,brabham-climax
giancarlo baghetti,brabham-climax,ferrari
giancarlo baghetti,ferrari,lotus-ford
giancarlo fisichella,minardi,minardi
giancarlo fisichella,minardi,jordan
giancarlo fisichella,jordan,benetton
giancarlo fisichella,benetton,jordan
giancarlo fisichella,jordan,sauber
giancarlo fisichella,sauber,renault
giancarlo fisichella,renault,force india
giancarlo fisichella,force india,ferrari
giancarlo fisichella,ferrari,force india
gianfranco brancatelli,merzario,merzario
gianfranco brancatelli,merzario,kauhsen
gianmaria bruni,minardi,minardi
gianni morbidelli,minardi,minardi
gianni morbidelli,minardi,dallara
gianni morbidelli,dallara,minardi
gianni morbidelli,minardi,ferrari
gianni morbidelli,ferrari,minardi
gianni morbidelli,minardi,footwork
gianni morbidelli,footwork,sauber
giedo van der garde,caterham,caterham
gijs van lennep,surtees,surtees
gijs van lennep,surtees,iso marlboro
gijs van lennep,iso marlboro,ensign
gilles villeneuve,ferrari,ferrari
gilles villeneuve,ferrari,mclaren
gilles villeneuve,mclaren,ferrari
gino bianco,maserati,maserati
gino munaron,maserati,maserati
gino munaron,maserati,cooper-castellotti
giorgio bassi,brm,brm
giorgio francia,brabham,brabham
giorgio francia,brabham,osella
giorgio pantano,jordan,jordan
giorgio scarlatti,ferrari,ferrari
giorgio scarlatti,ferrari,maserati
giorgio scarlatti,maserati,cooper-climax
giorgio scarlatti,cooper-climax,cooper-castellotti
giorgio scarlatti,cooper-castellotti,maserati
giorgio scarlatti,maserati,cooper-maserati
giorgio scarlatti,cooper-maserati,de tomaso-osca
giovanna amati,brabham,brabham
giovanni de riu,maserati,maserati
giovanni lavaggi,pacific,pacific
giovanni lavaggi,pacific,minardi
giulio cabianca,osca,osca
giulio cabianca,osca,maserati
giulio cabianca,maserati,cooper-castellotti
graham hill,team lotus,team lotus
graham hill,team lotus,brm
graham hill,brm,lotus-brm
graham hill,lotus-brm,lotus-ford
graham hill,lotus-ford,team lotus
graham hill,team lotus,brabham
graham hill,brabham,shadow
graham hill,shadow,lola
graham hill,lola,embassy hill
graham mcrae,iso marlboro,iso marlboro
graham whitehead,alta,alta
gregor foitek,rial,rial
gregor foitek,rial,euro brun
gregor foitek,euro brun,brabham
gregor foitek,brabham,onyx
guanyu zhou,alfa romeo,alfa romeo
guanyu zhou,alfa romeo,sauber
gunnar nilsson,team lotus,team lotus
gus hutchison,brabham,brabham
guy edwards,lola,lola
guy edwards,lola,hesketh
guy edwards,hesketh,brm
guy ligier,cooper-maserati,cooper-maserati
guy ligier,cooper-maserati,brabham-repco
guy mairesse,talbot-lago,talbot-lago
guy tunmer,team lotus,team lotus
gérard larrousse,brabham,brabham
günther bechem,bmw,bmw
günther bechem,bmw,afm
günther seiffert,lotus-brm,lotus-brm
hans binder,wolf,wolf
hans binder,wolf,ensign
hans binder,ensign,surtees
hans binder,surtees,penske
hans binder,penske,ats
hans herrmann,veritas,veritas
hans herrmann,veritas,mercedes
hans herrmann,mercedes,maserati
hans herrmann,maserati,brm
hans herrmann,brm,cooper-maserati
hans herrmann,cooper-maserati,porsche
hans heyer,penske,penske
hans klenk,veritas,veritas
hans von stuck,afm,afm
hans von stuck,afm,ferrari
hans von stuck,ferrari,afm
hans-joachim stuck,march,march
hans-joachim stuck,march,brabham
hans-joachim stuck,brabham,shadow
hans-joachim stuck,shadow,ats
hap sharp,cooper-climax,cooper-climax
hap sharp,cooper-climax,lotus-brm
hap sharp,lotus-brm,brabham-brm
harald ertl,hesketh,hesketh
harald ertl,hesketh,ats
harald ertl,ats,ensign
harald ertl,ensign,ats
harry blanchard,porsche,porsche
harry schell,cooper,cooper
harry schell,cooper,talbot-lago
harry schell,talbot-lago,maserati
harry schell,maserati,gordini
harry schell,gordini,maserati
harry schell,maserati,ferrari
harry schell,ferrari,maserati
harry schell,maserati,vanwall
harry schell,vanwall,maserati
harry schell,maserati,brm
harry schell,brm,cooper-climax
hector rebaque,hesketh,hesketh
hector rebaque,hesketh,team lotus
hector rebaque,team lotus,rebaque
hector rebaque,rebaque,brabham
heikki kovalainen,renault,renault
heikki kovalainen,renault,mclaren
heikki kovalainen,mclaren,lotus
heikki kovalainen,lotus,caterham
heikki kovalainen,caterham,lotus f1
heini walter,porsche,porsche
heinz schiller,porsche,porsche
heinz schiller,porsche,lotus-brm
heinz-harald frentzen,sauber,sauber
heinz-harald frentzen,sauber,williams
heinz-harald frentzen,williams,jordan
heinz-harald frentzen,jordan,prost
heinz-harald frentzen,prost,arrows
heinz-harald frentzen,arrows,sauber
helmut marko,brm,brm
helmut niedermayr,afm,afm
helmuth koinigg,brabham,brabham
helmuth koinigg,brabham,surtees
henri louveau,talbot-lago,talbot-lago
henri pescarolo,matra,matra
henri pescarolo,matra,march-ford
henri pescarolo,march-ford,march
henri pescarolo,march,politoys
henri pescarolo,politoys,iso marlboro
henri pescarolo,iso marlboro,march
henri pescarolo,march,brm
henri pescarolo,brm,surtees
henry banks,maserati,maserati
henry banks,maserati,moore
henry banks,moore,lesovsky
henry taylor,cooper-climax,cooper-climax
henry taylor,cooper-climax,lotus-climax
herbert mackay-fraser,brm,brm
hermann lang,maserati,maserati
hermann lang,maserati,mercedes
hernando da silva ramos,gordini,gordini
hernando da silva ramos,gordini,maserati
hideki noda,larrousse,larrousse
hiroshi fushida,maki,maki
horace gould,cooper,cooper
horace gould,cooper,maserati
howden ganley,brm,brm
howden ganley,brm,iso marlboro
howden ganley,iso marlboro,march
howden ganley,march,maki
hubert hahne,lola,lola
hubert hahne,lola,march
huub rothengatter,spirit,spirit
huub rothengatter,spirit,osella
huub rothengatter,osella,zakspeed
ian ashley,brabham,brabham
ian ashley,brabham,token
ian ashley,token,williams
ian ashley,williams,brm
ian ashley,brm,hesketh
ian burgess,cooper,cooper
ian burgess,cooper,cooper-maserati
ian burgess,cooper-maserati,lotus-climax
ian burgess,lotus-climax,cooper-climax
ian burgess,cooper-climax,scirocco
ian raby,gilby,gilby
ian raby,gilby,brabham-brm
ian raby,brabham-brm,brabham-climax
ian raby,brabham-climax,brabham-brm
ian scheckter,team lotus,team lotus
ian scheckter,team lotus,hesketh
ian scheckter,hesketh,tyrrell
ian scheckter,tyrrell,williams
ian scheckter,williams,tyrrell
ian scheckter,tyrrell,march
ian stewart,connaught,connaught
ignazio giunti,ferrari,ferrari
ingo hoffmann,fittipaldi,fittipaldi
innes ireland,team lotus,team lotus
innes ireland,team lotus,lotus-climax
innes ireland,lotus-climax,brp
innes ireland,brp,lotus-brm
innes ireland,lotus-brm,brp
innes ireland,brp,lotus-brm
innes ireland,lotus-brm,brm
ivan capelli,tyrrell,tyrrell
ivan capelli,tyrrell,ags
ivan capelli,ags,march
ivan capelli,march,leyton house
ivan capelli,leyton house,ferrari
ivan capelli,ferrari,jordan
ivor bueb,connaught,connaught
ivor bueb,connaught,maserati
ivor bueb,maserati,team lotus
ivor bueb,team lotus,connaught
ivor bueb,connaught,cooper-climax
ivor bueb,cooper-climax,cooper-borgward
jac nelleman,brabham-ford,brabham-ford
jack aitken,williams,williams
jack brabham,cooper,cooper
jack brabham,cooper,maserati
jack brabham,maserati,cooper
jack brabham,cooper,cooper-climax
jack brabham,cooper-climax,lotus-climax
jack brabham,lotus-climax,brabham
jack brabham,brabham,lotus-climax
jack brabham,lotus-climax,brabham-climax
jack brabham,brabham-climax,brabham-repco
jack brabham,brabham-repco,brabham-ford
jack brabham,brabham-ford,brabham
jack doohan,alpine f1 team,alpine f1 team
jack fairman,connaught,connaught
jack fairman,connaught,hwm
jack fairman,hwm,connaught
jack fairman,connaught,brm
jack fairman,brm,connaught
jack fairman,connaught,cooper
jack fairman,cooper,cooper-maserati
jack fairman,cooper-maserati,cooper-climax
jack fairman,cooper-climax,ferguson
jack fairman,ferguson,cooper-climax
jack mcgrath,kurtis kraft,kurtis kraft
jack turner,kurtis kraft,kurtis kraft
jack turner,kurtis kraft,lesovsky
jack turner,lesovsky,christensen
jackie holmes,olson,olson
jackie holmes,olson,kurtis kraft
jackie lewis,cooper-climax,cooper-climax
jackie lewis,cooper-climax,brm
jackie lewis,brm,cooper-climax
jackie lewis,cooper-climax,cooper
jackie oliver,lotus-ford,lotus-ford
jackie oliver,lotus-ford,brm-ford
jackie oliver,brm-ford,brm
jackie oliver,brm,mclaren
jackie oliver,mclaren,brm
jackie oliver,brm,shadow
jackie pretorius,lds-alfa romeo,lds-alfa romeo
jackie pretorius,lds-alfa romeo,brabham-climax
jackie pretorius,brabham-climax,brabham
jackie pretorius,brabham,iso marlboro
jackie stewart,brm,brm
jackie stewart,brm,matra-ford
jackie stewart,matra-ford,march
jackie stewart,march,tyrrell
jacky ickx,cooper-maserati,cooper-maserati
jacky ickx,cooper-maserati,matra
jacky ickx,matra,ferrari
jacky ickx,ferrari,brabham-ford
jacky ickx,brabham-ford,ferrari
jacky ickx,ferrari,iso marlboro
jacky ickx,iso marlboro,mclaren
jacky ickx,mclaren,team lotus
jacky ickx,team lotus,wolf
jacky ickx,wolf,ensign
jacky ickx,ensign,ligier
jacques laffite,iso marlboro,iso marlboro
jacques laffite,iso marlboro,williams
jacques laffite,williams,ligier
jacques laffite,ligier,williams
jacques laffite,williams,ligier
jacques pollet,gordini,gordini
jacques swaters,talbot-lago,talbot-lago
jacques swaters,talbot-lago,ferrari
jacques villeneuve,williams,williams
jacques villeneuve,williams,bar
jacques villeneuve,bar,renault
jacques villeneuve,renault,sauber
jacques villeneuve,sauber,bmw sauber
jacques villeneuve sr.,arrows,arrows
jacques villeneuve sr.,arrows,ram
jaime alguersuari,toro rosso,toro rosso
james hunt,march,march
james hunt,march,hesketh
james hunt,hesketh,mclaren
james hunt,mclaren,wolf
jan flinterman,maserati,maserati
jan lammers,shadow,shadow
jan lammers,shadow,ats
jan lammers,ats,ensign
jan lammers,ensign,ats
jan lammers,ats,theodore
jan lammers,theodore,march
jan magnussen,mclaren,mclaren
jan magnussen,mclaren,stewart
jarno trulli,minardi,minardi
jarno trulli,minardi,prost
jarno trulli,prost,jordan
jarno trulli,jordan,renault
jarno trulli,renault,toyota
jarno trulli,toyota,lotus
jay chamberlain,lotus-climax,lotus-climax
jean alesi,tyrrell,tyrrell
jean alesi,tyrrell,ferrari
jean alesi,ferrari,benetton
jean alesi,benetton,sauber
jean alesi,sauber,prost
jean alesi,prost,jordan
jean behra,gordini,gordini
jean behra,gordini,maserati
jean behra,maserati,brm
jean behra,brm,ferrari
jean lucas,gordini,gordini
jean lucienbonnet,cooper-climax,cooper-climax
jean-christophe boullion,sauber,sauber
jean-denis délétraz,larrousse,larrousse
jean-denis délétraz,larrousse,pacific
jean-louis schlesser,ram,ram
jean-louis schlesser,ram,williams
jean-marc gounon,minardi,minardi
jean-marc gounon,minardi,simtek
jean-pierre beltoise,matra,matra
jean-pierre beltoise,matra,mclaren-ford
jean-pierre beltoise,mclaren-ford,matra-ford
jean-pierre beltoise,matra-ford,matra
jean-pierre beltoise,matra,mclaren-ford
jean-pierre beltoise,mclaren-ford,matra-ford
jean-pierre beltoise,matra-ford,matra
jean-pierre beltoise,matra,brm
jean-pierre jabouille,surtees,surtees
jean-pierre jabouille,surtees,iso marlboro
jean-pierre jabouille,iso marlboro,tyrrell
jean-pierre jabouille,tyrrell,renault
jean-pierre jabouille,renault,ligier
jean-pierre jarier,march-ford,march-ford
jean-pierre jarier,march-ford,march
jean-pierre jarier,march,shadow
jean-pierre jarier,shadow,shadow-ford
jean-pierre jarier,shadow-ford,shadow-matra
jean-pierre jarier,shadow-matra,shadow
jean-pierre jarier,shadow,penske
jean-pierre jarier,penske,shadow
jean-pierre jarier,shadow,ligier
jean-pierre jarier,ligier,ats
jean-pierre jarier,ats,team lotus
jean-pierre jarier,team lotus,tyrrell
jean-pierre jarier,tyrrell,ligier
jean-pierre jarier,ligier,osella
jean-pierre jarier,osella,ligier
jean-éric vergne,toro rosso,toro rosso
jenson button,williams,williams
jenson button,williams,benetton
jenson button,benetton,renault
jenson button,renault,bar
jenson button,bar,honda
jenson button,honda,brawn
jenson button,brawn,mclaren
jerry hoyt,kurtis kraft,kurtis kraft
jerry hoyt,kurtis kraft,stevens
jerry unser,kurtis kraft,kurtis kraft
jesús iglesias,gordini,gordini
jim clark,team lotus,team lotus
jim clark,team lotus,lotus-climax
jim clark,lotus-climax,lotus-brm
jim clark,lotus-brm,lotus-climax
jim clark,lotus-climax,lotus-brm
jim clark,lotus-brm,lotus-ford
jim crawford,team lotus,team lotus
jim hall,team lotus,team lotus
jim hall,team lotus,lotus-climax
jim hall,lotus-climax,lotus-brm
jim hurtubise,christensen,christensen
jim mcwithey,kurtis kraft,kurtis kraft
jim mcwithey,kurtis kraft,epperly
jim rathmann,wetteroth,wetteroth
jim rathmann,wetteroth,kurtis kraft
jim rathmann,kurtis kraft,epperly
jim rathmann,epperly,kurtis kraft
jim rathmann,kurtis kraft,epperly
jim rathmann,epperly,watson
jim rigsby,watson,watson
jimmy bryan,kurtis kraft,kurtis kraft
jimmy bryan,kurtis kraft,schroeder
jimmy bryan,schroeder,kuzma
jimmy bryan,kuzma,epperly
jimmy davies,ewing,ewing
jimmy davies,ewing,pawl
jimmy davies,pawl,kurtis kraft
jimmy daywalt,kurtis kraft,kurtis kraft
jimmy daywalt,kurtis kraft,nichels
jimmy daywalt,nichels,kurtis kraft
jimmy jackson,kurtis kraft,kurtis kraft
jimmy reece,kurtis kraft,kurtis kraft
jimmy reece,kurtis kraft,pankratz
jimmy reece,pankratz,lesovsky
jimmy reece,lesovsky,kurtis kraft
jimmy reece,kurtis kraft,watson
jimmy stewart,cooper,cooper
jo bonnier,maserati,maserati
jo bonnier,maserati,brm
jo bonnier,brm,porsche
jo bonnier,porsche,cooper-climax
jo bonnier,cooper-climax,brabham-brm
jo bonnier,brabham-brm,brabham-climax
jo bonnier,brabham-climax,cooper-maserati
jo bonnier,cooper-maserati,brabham-climax
jo bonnier,brabham-climax,cooper-maserati
jo bonnier,cooper-maserati,honda
jo bonnier,honda,mclaren-brm
jo bonnier,mclaren-brm,lotus-ford
jo bonnier,lotus-ford,mclaren-ford
jo bonnier,mclaren-ford,mclaren
jo gartner,osella,osella
jo schlesser,matra,matra
jo schlesser,matra,honda
jo siffert,lotus-climax,lotus-climax
jo siffert,lotus-climax,lotus-brm
jo siffert,lotus-brm,brabham-brm
jo siffert,brabham-brm,brabham-climax
jo siffert,brabham-climax,brabham-brm
jo siffert,brabham-brm,cooper-maserati
jo siffert,cooper-maserati,brabham-brm
jo siffert,brabham-brm,cooper-maserati
jo siffert,cooper-maserati,lotus-ford
jo siffert,lotus-ford,march
jo siffert,march,brm
jo vonlanthen,williams,williams
joachim winkelhock,ags,ags
jochen mass,surtees,surtees
jochen mass,surtees,mclaren
jochen mass,mclaren,ats
jochen mass,ats,arrows
jochen mass,arrows,march
jochen rindt,brabham-brm,brabham-brm
jochen rindt,brabham-brm,cooper-climax
jochen rindt,cooper-climax,cooper-maserati
jochen rindt,cooper-maserati,brabham-repco
jochen rindt,brabham-repco,lotus-ford
jochen rindt,lotus-ford,team lotus
jody scheckter,mclaren,mclaren
jody scheckter,mclaren,tyrrell
jody scheckter,tyrrell,wolf
jody scheckter,wolf,ferrari
joe fry,maserati,maserati
joe james,watson,watson
joe james,watson,kurtis kraft
joe kelly,alta,alta
john barber,cooper,cooper
john campbell-jones,cooper-climax,cooper-climax
john campbell-jones,cooper-climax,lotus-climax
john campbell-jones,lotus-climax,emeryson
john campbell-jones,emeryson,lotus-brm
john campbell-jones,lotus-brm,lola
john cannon,brm,brm
john cordts,brabham-climax,brabham-climax
john fitch,hwm,hwm
john fitch,hwm,maserati
john james,maserati,maserati
john love,cooper-climax,cooper-climax
john love,cooper-climax,brabham-repco
john love,brabham-repco,lotus-ford
john love,lotus-ford,team lotus
john love,team lotus,march-ford
john love,march-ford,surtees
john miles,lotus-ford,lotus-ford
john miles,lotus-ford,team lotus
john nicholson,lyncar,lyncar
john rhodes,cooper-climax,cooper-climax
john riseley-prichard,connaught,connaught
john surtees,team lotus,team lotus
john surtees,team lotus,cooper-climax
john surtees,cooper-climax,lola
john surtees,lola,ferrari
john surtees,ferrari,cooper-maserati
john surtees,cooper-maserati,honda
john surtees,honda,brm
john surtees,brm,mclaren-ford
john surtees,mclaren-ford,surtees
john taylor,cooper-climax,cooper-climax
john taylor,cooper-climax,brabham-brm
john watson,brabham,brabham
john watson,brabham,surtees
john watson,surtees,team lotus
john watson,team lotus,penske
john watson,penske,brabham
john watson,brabham,mclaren
johnnie parsons,kurtis kraft,kurtis kraft
johnnie tolan,kurtis kraft,kurtis kraft
johnnie tolan,kurtis kraft,kuzma
johnny boyd,kurtis kraft,kurtis kraft
johnny boyd,kurtis kraft,epperly
johnny cecotto,theodore,theodore
johnny cecotto,theodore,toleman
johnny claes,talbot-lago,talbot-lago
johnny claes,talbot-lago,gordini
johnny claes,gordini,hwm
johnny claes,hwm,simca
johnny claes,simca,connaught
johnny claes,connaught,maserati
johnny claes,maserati,ferrari
johnny claes,ferrari,maserati
johnny dumfries,team lotus,team lotus
johnny herbert,benetton,benetton
johnny herbert,benetton,tyrrell
johnny herbert,tyrrell,team lotus
johnny herbert,team lotus,benetton
johnny herbert,benetton,ligier
johnny herbert,ligier,benetton
johnny herbert,benetton,sauber
johnny herbert,sauber,stewart
johnny herbert,stewart,jaguar
johnny mantz,kurtis kraft,kurtis kraft
johnny mcdowell,kurtis kraft,kurtis kraft
johnny mcdowell,kurtis kraft,maserati
johnny mcdowell,maserati,kurtis kraft
johnny servoz-gavin,matra,matra
johnny servoz-gavin,matra,matra-ford
johnny servoz-gavin,matra-ford,cooper-brm
johnny servoz-gavin,cooper-brm,matra-ford
johnny servoz-gavin,matra-ford,march
johnny thomson,del roy,del roy
johnny thomson,del roy,kurtis kraft
johnny thomson,kurtis kraft,nichels
johnny thomson,nichels,kuzma
johnny thomson,kuzma,kurtis kraft
johnny thomson,kurtis kraft,lesovsky
joie chitwood,kurtis kraft,kurtis kraft
jolyon palmer,renault,renault
jonathan palmer,williams,williams
jonathan palmer,williams,ram
jonathan palmer,ram,zakspeed
jonathan palmer,zakspeed,tyrrell
jonathan williams,ferrari,ferrari
jorge daponte,maserati,maserati
jos verstappen,benetton,benetton
jos verstappen,benetton,simtek
jos verstappen,simtek,footwork
jos verstappen,footwork,tyrrell
jos verstappen,tyrrell,stewart
jos verstappen,stewart,arrows
jos verstappen,arrows,minardi
josef peters,veritas,veritas
josé dolhem,surtees,surtees
josé froilán gonzález,maserati,maserati
josé froilán gonzález,maserati,talbot-lago
josé froilán gonzález,talbot-lago,ferrari
josé froilán gonzález,ferrari,maserati
josé froilán gonzález,maserati,ferrari
josé froilán gonzález,ferrari,maserati
josé froilán gonzález,maserati,vanwall
josé froilán gonzález,vanwall,ferrari
juan fangio,alfa romeo,alfa romeo
juan fangio,alfa romeo,maserati
juan fangio,maserati,mercedes
juan fangio,mercedes,ferrari
juan fangio,ferrari,maserati
juan jover,maserati,maserati
juan manuel bordeu,lotus-climax,lotus-climax
juan pablo montoya,williams,williams
juan pablo montoya,williams,mclaren
jud larson,watson,watson
jud larson,watson,kurtis kraft
jules bianchi,marussia,marussia
julian bailey,tyrrell,tyrrell
julian bailey,tyrrell,team lotus
justin wilson,jaguar,jaguar
justin wilson,jaguar,minardi
jyrki järvilehto,onyx,onyx
jyrki järvilehto,onyx,dallara
jyrki järvilehto,dallara,sauber
jyrki järvilehto,sauber,benetton
jérôme d'ambrosio,virgin,virgin
jérôme d'ambrosio,virgin,lotus f1
kamui kobayashi,toyota,toyota
kamui kobayashi,toyota,sauber
kamui kobayashi,sauber,caterham
karl kling,mercedes,mercedes
karl wendlinger,leyton house,leyton house
karl wendlinger,leyton house,march
karl wendlinger,march,sauber
karun chandhok,hrt,hrt
karun chandhok,hrt,lotus
kazuki nakajima,williams,williams
kazuyoshi hoshino,tyrrell,tyrrell
kazuyoshi hoshino,tyrrell,kojima
keith andrews,schroeder,schroeder
keith andrews,schroeder,kurtis kraft
keith greene,cooper-climax,cooper-climax
keith greene,cooper-climax,cooper-maserati
keith greene,cooper-maserati,gilby
keith greene,gilby,lotus-climax
keith greene,lotus-climax,gilby
keke rosberg,theodore,theodore
keke rosberg,theodore,wolf
keke rosberg,wolf,ats
keke rosberg,ats,wolf
keke rosberg,wolf,fittipaldi
keke rosberg,fittipaldi,williams
keke rosberg,williams,mclaren
ken downing,connaught,connaught
ken kavanagh,maserati,maserati
ken miles,lotus-climax,lotus-climax
ken richardson,brm,brm
ken wharton,frazer nash,frazer nash
ken wharton,frazer nash,cooper
ken wharton,cooper,maserati
ken wharton,maserati,vanwall
kenneth mcalpine,connaught,connaught
kenny acheson,ram,ram
kevin cogan,williams,williams
kevin cogan,williams,tyrrell
kevin magnussen,mclaren,mclaren
kevin magnussen,mclaren,renault
kevin magnussen,renault,haas f1 team
kimi räikkönen,sauber,sauber
kimi räikkönen,sauber,mclaren
kimi räikkönen,mclaren,ferrari
kimi räikkönen,ferrari,lotus f1
kimi räikkönen,lotus f1,ferrari
kimi räikkönen,ferrari,alfa romeo
kunimitsu takahashi,tyrrell,tyrrell
kurt adolff,ferrari,ferrari
kurt ahrens,protos,protos
kurt ahrens,protos,brabham-repco
kurt kuhnke,lotus-borgward,lotus-borgward
lamberto leoni,surtees,surtees
lamberto leoni,surtees,ensign
lance macklin,hwm,hwm
lance macklin,hwm,maserati
lance reventlow,scarab,scarab
lance reventlow,scarab,cooper-climax
lance stroll,williams,williams
lance stroll,williams,racing point
lance stroll,racing point,aston martin
lando norris,mclaren,mclaren
larry crockett,kurtis kraft,kurtis kraft
larry perkins,amon,amon
larry perkins,amon,boro
larry perkins,boro,brabham-alfa romeo
larry perkins,brabham-alfa romeo,brm
larry perkins,brm,surtees
lee wallard,moore,moore
lee wallard,moore,kurtis kraft
lella lombardi,brabham,brabham
lella lombardi,brabham,march
lella lombardi,march,williams
lella lombardi,williams,march
lella lombardi,march,brabham-ford
len duncan,schroeder,schroeder
len sutton,kurtis kraft,kurtis kraft
len sutton,kurtis kraft,lesovsky
len sutton,lesovsky,watson
leo kinnunen,surtees,surtees
les leston,connaught,connaught
les leston,connaught,cooper
les leston,cooper,brm
leslie johnson,era,era
leslie marr,connaught,connaught
leslie thorne,connaught,connaught
lewis hamilton,mclaren,mclaren
lewis hamilton,mclaren,mercedes
liam lawson,alphatauri,alphatauri
liam lawson,alphatauri,rb f1 team
lloyd ruby,watson,watson
lloyd ruby,watson,lotus-climax
logan sargeant,williams,williams
lorenzo bandini,cooper-maserati,cooper-maserati
lorenzo bandini,cooper-maserati,ferrari
lorenzo bandini,ferrari,brm
lorenzo bandini,brm,ferrari
loris kessel,brabham-ford,brabham-ford
loris kessel,brabham-ford,apollon
louis chiron,maserati,maserati
louis chiron,maserati,talbot-lago
louis chiron,talbot-lago,osca
louis chiron,osca,lancia
louis chiron,lancia,maserati
louis rosier,talbot-lago,talbot-lago
louis rosier,talbot-lago,ferrari
louis rosier,ferrari,maserati
luca badoer,lola,lola
luca badoer,lola,minardi
luca badoer,minardi,forti
luca badoer,forti,minardi
luca badoer,minardi,ferrari
lucas di grassi,virgin,virgin
luciano burti,jaguar,jaguar
luciano burti,jaguar,prost
lucien bianchi,cooper-climax,cooper-climax
lucien bianchi,cooper-climax,lotus-climax
lucien bianchi,lotus-climax,emeryson
lucien bianchi,emeryson,lotus-climax
lucien bianchi,lotus-climax,enb
lucien bianchi,enb,lola
lucien bianchi,lola,brm
lucien bianchi,brm,cooper-brm
ludovico scarfiotti,ferrari,ferrari
ludovico scarfiotti,ferrari,eagle-weslake
ludovico scarfiotti,eagle-weslake,cooper-brm
luigi fagioli,alfa romeo,alfa romeo
luigi musso,maserati,maserati
luigi musso,maserati,ferrari
luigi piotti,arzani-volpini,arzani-volpini
luigi piotti,arzani-volpini,maserati
luigi piotti,maserati,osca
luigi taramazzo,maserati,maserati
luigi villoresi,ferrari,ferrari
luigi villoresi,ferrari,lancia
luigi villoresi,lancia,maserati
luigi villoresi,maserati,lancia
luigi villoresi,lancia,ferrari
luigi villoresi,ferrari,maserati
luis pérez-sala,minardi,minardi
luiz bueno,surtees,surtees
luki botha,brabham-climax,brabham-climax
mack hellings,kurtis kraft,kurtis kraft
mack hellings,kurtis kraft,deidt
manfred winkelhock,arrows,arrows
manfred winkelhock,arrows,ats
manfred winkelhock,ats,brabham
manfred winkelhock,brabham,ats
manfred winkelhock,ats,ram
manny ayulo,kurtis kraft,kurtis kraft
manny ayulo,kurtis kraft,lesovsky
manny ayulo,lesovsky,kuzma
marc gené,minardi,minardi
marc gené,minardi,williams
marc surer,ensign,ensign
marc surer,ensign,ats
marc surer,ats,ensign
marc surer,ensign,theodore
marc surer,theodore,arrows
marc surer,arrows,brabham
marc surer,brabham,arrows
marcel balsa,bmw,bmw
marco apicella,jordan,jordan
marcus ericsson,caterham,caterham
marcus ericsson,caterham,sauber
maria de filippis,maserati,maserati
maria de filippis,maserati,porsche
mario andretti,lotus-ford,lotus-ford
mario andretti,lotus-ford,march
mario andretti,march,ferrari
mario andretti,ferrari,parnelli
mario andretti,parnelli,team lotus
mario andretti,team lotus,parnelli
mario andretti,parnelli,team lotus
mario andretti,team lotus,alfa romeo
mario andretti,alfa romeo,ferrari
mario andretti,ferrari,williams
mark blundell,brabham,brabham
mark blundell,brabham,ligier
mark blundell,ligier,tyrrell
mark blundell,tyrrell,mclaren
mark donohue,mclaren,mclaren
mark donohue,mclaren,penske
mark donohue,penske,march
mark webber,minardi,minardi
mark webber,minardi,jaguar
mark webber,jaguar,williams
mark webber,williams,red bull
markus winkelhock,spyker,spyker
marshall teague,kurtis kraft,kurtis kraft
martin brundle,tyrrell,tyrrell
martin brundle,tyrrell,zakspeed
martin brundle,zakspeed,williams
martin brundle,williams,brabham
martin brundle,brabham,benetton
martin brundle,benetton,ligier
martin brundle,ligier,mclaren
martin brundle,mclaren,ligier
martin brundle,ligier,jordan
martin donnelly,arrows,arrows
martin donnelly,arrows,team lotus
masahiro hasemi,kojima,kojima
massimiliano papis,footwork,footwork
massimo natili,cooper-maserati,cooper-maserati
masten gregory,maserati,maserati
masten gregory,maserati,cooper-climax
masten gregory,cooper-climax,cooper-maserati
masten gregory,cooper-maserati,behra-porsche
masten gregory,behra-porsche,cooper-climax
masten gregory,cooper-climax,lotus-climax
masten gregory,lotus-climax,lotus-brm
masten gregory,lotus-brm,lotus-climax
masten gregory,lotus-climax,lotus-brm
masten gregory,lotus-brm,lola
masten gregory,lola,brm
mauri rose,deidt,deidt
maurice trintignant,simca,simca
maurice trintignant,simca,gordini
maurice trintignant,gordini,ferrari
maurice trintignant,ferrari,vanwall
maurice trintignant,vanwall,bugatti
maurice trintignant,bugatti,ferrari
maurice trintignant,ferrari,cooper
maurice trintignant,cooper,brm
maurice trintignant,brm,maserati
maurice trintignant,maserati,cooper-climax
maurice trintignant,cooper-climax,cooper-maserati
maurice trintignant,cooper-maserati,cooper-climax
maurice trintignant,cooper-climax,aston martin
maurice trintignant,aston martin,cooper-maserati
maurice trintignant,cooper-maserati,lotus-climax
maurice trintignant,lotus-climax,lola
maurice trintignant,lola,brm
mauro baldi,arrows,arrows
mauro baldi,arrows,alfa romeo
mauro baldi,alfa romeo,spirit
maurício gugelmin,march,march
maurício gugelmin,march,leyton house
maurício gugelmin,leyton house,jordan
max chilton,marussia,marussia
max de terra,simca,simca
max de terra,simca,ferrari
max jean,march-ford,march-ford
max verstappen,toro rosso,toro rosso
max verstappen,toro rosso,red bull
max verstappen,red bull,toro rosso
max verstappen,toro rosso,red bull
menato boffa,cooper-climax,cooper-climax
michael andretti,mclaren,mclaren
michael bartels,team lotus,team lotus
michael bleekemolen,march,march
michael bleekemolen,march,ats
michael may,lotus-climax,lotus-climax
michael schumacher,benetton,benetton
michael schumacher,benetton,jordan
michael schumacher,jordan,benetton
michael schumacher,benetton,ferrari
michael schumacher,ferrari,mercedes
michel leclère,tyrrell,tyrrell
michel leclère,tyrrell,wolf
michele alboreto,tyrrell,tyrrell
michele alboreto,tyrrell,ferrari
michele alboreto,ferrari,tyrrell
michele alboreto,tyrrell,larrousse
michele alboreto,larrousse,arrows
michele alboreto,arrows,footwork
michele alboreto,footwork,lola
michele alboreto,lola,minardi
mick schumacher,haas f1 team,haas f1 team
miguel ángel guerra,osella,osella
mika häkkinen,team lotus,team lotus
mika häkkinen,team lotus,mclaren
mika salo,team lotus,team lotus
mika salo,team lotus,tyrrell
mika salo,tyrrell,arrows
mika salo,arrows,ferrari
mika salo,ferrari,bar
mika salo,bar,sauber
mika salo,sauber,toyota
mike beuttler,march-ford,march-ford
mike beuttler,march-ford,march
mike fisher,lotus-brm,lotus-brm
mike hailwood,lotus-climax,lotus-climax
mike hailwood,lotus-climax,lola
mike hailwood,lola,lotus-brm
mike hailwood,lotus-brm,surtees
mike hailwood,surtees,mclaren
mike harris,cooper-alfa romeo,cooper-alfa romeo
mike hawthorn,cooper,cooper
mike hawthorn,cooper,ferrari
mike hawthorn,ferrari,vanwall
mike hawthorn,vanwall,ferrari
mike hawthorn,ferrari,maserati
mike hawthorn,maserati,brm
mike hawthorn,brm,vanwall
mike hawthorn,vanwall,ferrari
mike macdowel,cooper,cooper
mike magill,kurtis kraft,kurtis kraft
mike magill,kurtis kraft,sutton
mike nazaruk,kurtis kraft,kurtis kraft
mike nazaruk,kurtis kraft,turner
mike nazaruk,turner,kurtis kraft
mike parkes,fry,fry
mike parkes,fry,ferrari
mike sparken,gordini,gordini
mike spence,lotus-climax,lotus-climax
mike spence,lotus-climax,lotus-brm
mike spence,lotus-brm,brm
mike taylor,cooper-climax,cooper-climax
mike taylor,cooper-climax,team lotus
mike thackwell,tyrrell,tyrrell
mike thackwell,tyrrell,arrows
mike thackwell,arrows,tyrrell
mike thackwell,tyrrell,ram
mike wilds,march,march
mike wilds,march,ensign
mike wilds,ensign,brm
mike wilds,brm,shadow
mikko kozarowitzky,march,march
moisés solana,brm,brm
moisés solana,brm,lotus-climax
moisés solana,lotus-climax,cooper-maserati
moisés solana,cooper-maserati,lotus-brm
moisés solana,lotus-brm,lotus-ford
myron fohr,marchese,marchese
mário de araújo cabral,cooper-maserati,cooper-maserati
mário de araújo cabral,cooper-maserati,cooper-climax
mário de araújo cabral,cooper-climax,derrington
nanni galli,mclaren-alfa romeo,mclaren-alfa romeo
nanni galli,mclaren-alfa romeo,march-ford
nanni galli,march-ford,march-alfa romeo
nanni galli,march-alfa romeo,tecno
nanni galli,tecno,ferrari
nanni galli,ferrari,iso marlboro
naoki hattori,coloni,coloni
narain karthikeyan,jordan,jordan
narain karthikeyan,jordan,hrt
nasif estéfano,maserati,maserati
nasif estéfano,maserati,de tomaso
nello pagani,maserati,maserati
nelson piquet,brabham,brabham
nelson piquet,brabham,mclaren
nelson piquet,mclaren,ensign
nelson piquet,ensign,brabham-ford
nelson piquet,brabham-ford,brabham-alfa romeo
nelson piquet,brabham-alfa romeo,brabham
nelson piquet,brabham,williams
nelson piquet,williams,team lotus
nelson piquet,team lotus,benetton
nelson piquet jr.,renault,renault
neville lederle,lotus-climax,lotus-climax
nicholas latifi,williams,williams
nick heidfeld,prost,prost
nick heidfeld,prost,sauber
nick heidfeld,sauber,jordan
nick heidfeld,jordan,williams
nick heidfeld,williams,bmw sauber
nick heidfeld,bmw sauber,sauber
nick heidfeld,sauber,renault
nico hülkenberg,williams,williams
nico hülkenberg,williams,force india
nico hülkenberg,force india,sauber
nico hülkenberg,sauber,force india
nico hülkenberg,force india,renault
nico hülkenberg,renault,racing point
nico hülkenberg,racing point,aston martin
nico hülkenberg,aston martin,haas f1 team
nico rosberg,williams,williams
nico rosberg,williams,mercedes
nicola larini,coloni,coloni
nicola larini,coloni,osella
nicola larini,osella,ligier
nicola larini,ligier,lambo
nicola larini,lambo,ferrari
nicola larini,ferrari,sauber
nicolas kiesa,minardi,minardi
nigel mansell,team lotus,team lotus
nigel mansell,team lotus,williams
nigel mansell,williams,ferrari
nigel mansell,ferrari,williams
nigel mansell,williams,mclaren
niki lauda,march-ford,march-ford
niki lauda,march-ford,march
niki lauda,march,brm
niki lauda,brm,ferrari
niki lauda,ferrari,brabham
niki lauda,brabham,brabham-alfa romeo
niki lauda,brabham-alfa romeo,brabham-ford
niki lauda,brabham-ford,mclaren
nikita mazepin,haas f1 team,haas f1 team
nino farina,alfa romeo,alfa romeo
nino farina,alfa romeo,ferrari
nino vaccarella,de tomaso-alfa romeo,de tomaso-alfa romeo
nino vaccarella,de tomaso-alfa romeo,lotus-climax
nino vaccarella,lotus-climax,porsche
nino vaccarella,porsche,ferrari
norberto fontana,sauber,sauber
noritake takahara,surtees,surtees
noritake takahara,surtees,kojima
nyck de vries,williams,williams
nyck de vries,williams,alphatauri
oliver bearman,haas f1 team,haas f1 team
oliver bearman,haas f1 team,ferrari
olivier beretta,larrousse,larrousse
olivier gendebien,ferrari,ferrari
olivier gendebien,ferrari,cooper-climax
olivier gendebien,cooper-climax,ferrari
olivier gendebien,ferrari,emeryson
olivier gendebien,emeryson,lotus-climax
olivier grouillard,ligier,ligier
olivier grouillard,ligier,osella
olivier grouillard,osella,ags
olivier grouillard,ags,fondmetal
olivier grouillard,fondmetal,tyrrell
olivier panis,ligier,ligier
olivier panis,ligier,prost
olivier panis,prost,bar
olivier panis,bar,toyota
onofre marimón,maserati,maserati
oscar gálvez,maserati,maserati
oscar larrauri,euro brun,euro brun
oscar piastri,mclaren,mclaren
oswald karch,veritas,veritas
otto stuppacher,tyrrell,tyrrell
ottorino volonterio,maserati,maserati
pablo birger,simca,simca
pablo birger,simca,gordini
paco godia,maserati,maserati
paddy driver,lotus-brm,lotus-brm
paddy driver,lotus-brm,team lotus
paolo barilla,minardi,minardi
pascal fabre,ags,ags
pascal wehrlein,manor marussia,manor marussia
pascal wehrlein,manor marussia,sauber
pastor maldonado,williams,williams
pastor maldonado,williams,lotus f1
pat flaherty,kurtis kraft,kurtis kraft
pat flaherty,kurtis kraft,kuzma
pat flaherty,kuzma,kurtis kraft
pat flaherty,kurtis kraft,watson
pat o'connor,kurtis kraft,kurtis kraft
patrick depailler,tyrrell,tyrrell
patrick depailler,tyrrell,ligier
patrick depailler,ligier,alfa romeo
patrick friesacher,minardi,minardi
patrick gaillard,ensign,ensign
patrick nève,brabham-ford,brabham-ford
patrick nève,brabham-ford,ensign
patrick nève,ensign,march
patrick tambay,surtees,surtees
patrick tambay,surtees,ensign
patrick tambay,ensign,mclaren
patrick tambay,mclaren,theodore
patrick tambay,theodore,ligier
patrick tambay,ligier,ferrari
patrick tambay,ferrari,renault
patrick tambay,renault,lola
paul belmondo,march,march
paul belmondo,march,pacific
paul di resta,force india,force india
paul di resta,force india,williams
paul emery,emeryson,emeryson
paul emery,emeryson,connaught
paul england,cooper,cooper
paul frère,hwm,hwm
paul frère,hwm,simca
paul frère,simca,hwm
paul frère,hwm,gordini
paul frère,gordini,ferrari
paul goldsmith,kurtis kraft,kurtis kraft
paul goldsmith,kurtis kraft,epperly
paul hawkins,brabham-ford,brabham-ford
paul hawkins,brabham-ford,lotus-climax
paul pietsch,maserati,maserati
paul pietsch,maserati,alfa romeo
paul pietsch,alfa romeo,veritas
paul russo,nichels,nichels
paul russo,nichels,kurtis kraft
pedro chaves,coloni,coloni
pedro de la rosa,arrows,arrows
pedro de la rosa,arrows,jaguar
pedro de la rosa,jaguar,mclaren
pedro de la rosa,mclaren,sauber
pedro de la rosa,sauber,hrt
pedro diniz,forti,forti
pedro diniz,forti,ligier
pedro diniz,ligier,arrows
pedro diniz,arrows,sauber
pedro lamy,team lotus,team lotus
pedro lamy,team lotus,minardi
pedro rodríguez,lotus-climax,lotus-climax
pedro rodríguez,lotus-climax,ferrari
pedro rodríguez,ferrari,lotus-climax
pedro rodríguez,lotus-climax,lotus-brm
pedro rodríguez,lotus-brm,cooper-maserati
pedro rodríguez,cooper-maserati,brm
pedro rodríguez,brm,ferrari
pedro rodríguez,ferrari,brm
perry mccarthy,andrea moda,andrea moda
pete lovely,team lotus,team lotus
pete lovely,team lotus,cooper-castellotti
pete lovely,cooper-castellotti,lotus-ford
pete lovely,lotus-ford,team lotus
pete lovely,team lotus,lotus-ford
peter arundell,team lotus,team lotus
peter arundell,team lotus,lotus-climax
peter arundell,lotus-climax,lotus-brm
peter arundell,lotus-brm,lotus-climax
peter ashdown,cooper-climax,cooper-climax
peter broeker,stebro,stebro
peter collins,hwm,hwm
peter collins,hwm,vanwall
peter collins,vanwall,maserati
peter collins,maserati,ferrari
peter de klerk,alfa romeo,alfa romeo
peter de klerk,alfa romeo,brabham-repco
peter de klerk,brabham-repco,brabham
peter gethin,mclaren-ford,mclaren-ford
peter gethin,mclaren-ford,mclaren
peter gethin,mclaren,brm
peter gethin,brm,lola
peter hirt,veritas,veritas
peter hirt,veritas,ferrari
peter monteverdi,mbm,mbm
peter revson,lotus-brm,lotus-brm
peter revson,lotus-brm,lotus-climax
peter revson,lotus-climax,tyrrell
peter revson,tyrrell,mclaren
peter revson,mclaren,shadow
peter ryan,lotus-climax,lotus-climax
peter walker,era,era
peter walker,era,brm
peter walker,brm,connaught
peter walker,connaught,maserati
peter westbury,brm,brm
peter whitehead,ferrari,ferrari
peter whitehead,ferrari,alta
peter whitehead,alta,ferrari
peter whitehead,ferrari,cooper
phil cade,maserati,maserati
phil hill,ferrari,ferrari
phil hill,ferrari,maserati
phil hill,maserati,ferrari
phil hill,ferrari,cooper-climax
phil hill,cooper-climax,ferrari
phil hill,ferrari,lotus-brm
phil hill,lotus-brm,ats
phil hill,ats,cooper-climax
phil hill,cooper-climax,eagle-climax
philip fotheringham-parker,maserati,maserati
philippe adams,team lotus,team lotus
philippe alliot,ram,ram
philippe alliot,ram,ligier
philippe alliot,ligier,larrousse
philippe alliot,larrousse,ligier
philippe alliot,ligier,larrousse
philippe alliot,larrousse,mclaren
philippe streiff,renault,renault
philippe streiff,renault,tyrrell
philippe streiff,tyrrell,ligier
philippe streiff,ligier,tyrrell
philippe streiff,tyrrell,ags
philippe étancelin,talbot-lago,talbot-lago
philippe étancelin,talbot-lago,maserati
piercarlo ghinzani,osella,osella
piercarlo ghinzani,osella,toleman
piercarlo ghinzani,toleman,osella
piercarlo ghinzani,osella,ligier
piercarlo ghinzani,ligier,zakspeed
piercarlo ghinzani,zakspeed,osella
pierluigi martini,toleman,toleman
pierluigi martini,toleman,minardi
pierluigi martini,minardi,dallara
pierluigi martini,dallara,minardi
piero carini,ferrari,ferrari
piero drogo,cooper-climax,cooper-climax
piero dusio,cisitalia,cisitalia
piero scotti,connaught,connaught
piero taruffi,alfa romeo,alfa romeo
piero taruffi,alfa romeo,ferrari
piero taruffi,ferrari,mercedes
piero taruffi,mercedes,vanwall
pierre gasly,toro rosso,toro rosso
pierre gasly,toro rosso,red bull
pierre gasly,red bull,alphatauri
pierre gasly,alphatauri,alpine f1 team
pierre levegh,talbot-lago,talbot-lago
pierre-henri raphanel,larrousse,larrousse
pierre-henri raphanel,larrousse,rial
pierre-henri raphanel,rial,coloni
piers courage,brm,brm
piers courage,brm,lotus-brm
piers courage,lotus-brm,brm
piers courage,brm,brabham-ford
piers courage,brabham-ford,de tomaso
pietro fittipaldi,haas f1 team,haas f1 team
prince bira,maserati,maserati
prince bira,maserati,simca
prince bira,simca,gordini
prince bira,gordini,maserati
prince bira,maserati,connaught
prince bira,connaught,maserati
ralf schumacher,jordan,jordan
ralf schumacher,jordan,williams
ralf schumacher,williams,toyota
ralph firman,jordan,jordan
raul boesel,march,march
raul boesel,march,ligier
ray crawford,kurtis kraft,kurtis kraft
ray crawford,kurtis kraft,elder
ray reed,re,re
raymond sommer,ferrari,ferrari
raymond sommer,ferrari,talbot-lago
red amick,kurtis kraft,kurtis kraft
red amick,kurtis kraft,epperly
reg parnell,alfa romeo,alfa romeo
reg parnell,alfa romeo,maserati
reg parnell,maserati,ferrari
reg parnell,ferrari,brm
reg parnell,brm,cooper
reg parnell,cooper,ferrari
reine wisell,team lotus,team lotus
reine wisell,team lotus,lotus-ford
reine wisell,lotus-ford,lotus-pratt &amp; whitney
reine wisell,lotus-pratt &amp; whitney,brm
reine wisell,brm,team lotus
reine wisell,team lotus,march
renato pirocchi,cooper-maserati,cooper-maserati
renato pirocchi,cooper-maserati,cooper-climax
renzo zorzi,williams,williams
renzo zorzi,williams,shadow
rené arnoux,surtees,surtees
rené arnoux,surtees,martini
rené arnoux,martini,renault
rené arnoux,renault,ferrari
rené arnoux,ferrari,ligier
ricardo londoño,ensign,ensign
ricardo rodríguez,ferrari,ferrari
ricardo rosset,footwork,footwork
ricardo rosset,footwork,lola
ricardo rosset,lola,tyrrell
ricardo zonta,bar,bar
ricardo zonta,bar,jordan
ricardo zonta,jordan,toyota
ricardo zunino,brabham-ford,brabham-ford
ricardo zunino,brabham-ford,brabham
ricardo zunino,brabham,tyrrell
riccardo paletti,osella,osella
riccardo patrese,shadow,shadow
riccardo patrese,shadow,arrows
riccardo patrese,arrows,brabham
riccardo patrese,brabham,alfa romeo
riccardo patrese,alfa romeo,brabham
riccardo patrese,brabham,williams
riccardo patrese,williams,benetton
richard attwood,brm,brm
richard attwood,brm,lotus-brm
richard attwood,lotus-brm,cooper-maserati
richard attwood,cooper-maserati,brm
richard attwood,brm,lotus-ford
richard robarts,brabham,brabham
richard robarts,brabham,iso marlboro
richie ginther,ferrari,ferrari
richie ginther,ferrari,scarab
richie ginther,scarab,ferrari
richie ginther,ferrari,brm
richie ginther,brm,honda
richie ginther,honda,cooper-maserati
richie ginther,cooper-maserati,honda
richie ginther,honda,eagle-climax
rikky von opel,ensign,ensign
rikky von opel,ensign,brabham
rio haryanto,manor marussia,manor marussia
rob schroeder,lotus-climax,lotus-climax
rob slotemaker,porsche,porsche
robert doornbos,minardi,minardi
robert doornbos,minardi,red bull
robert kubica,bmw sauber,bmw sauber
robert kubica,bmw sauber,renault
robert kubica,renault,williams
robert kubica,williams,alfa romeo
robert la caze,cooper,cooper
robert manzon,simca,simca
robert manzon,simca,gordini
robert manzon,gordini,ferrari
robert manzon,ferrari,gordini
robert o'brien,simca,simca
roberto bonomi,cooper-maserati,cooper-maserati
roberto bussinello,de tomaso-alfa romeo,de tomaso-alfa romeo
roberto bussinello,de tomaso-alfa romeo,brm
roberto guerrero,ensign,ensign
roberto guerrero,ensign,theodore
roberto lippi,de tomaso-osca,de tomaso-osca
roberto lippi,de tomaso-osca,de tomaso-ferrari
roberto merhi,manor marussia,manor marussia
roberto mieres,gordini,gordini
roberto mieres,gordini,maserati
roberto moreno,team lotus,team lotus
roberto moreno,team lotus,ags
roberto moreno,ags,coloni
roberto moreno,coloni,euro brun
roberto moreno,euro brun,benetton
roberto moreno,benetton,minardi
roberto moreno,minardi,jordan
roberto moreno,jordan,andrea moda
roberto moreno,andrea moda,forti
robin montgomerie-charrington,aston butterworth,aston butterworth
robin widdows,cooper-brm,cooper-brm
rodger ward,bromme,bromme
rodger ward,bromme,kurtis kraft
rodger ward,kurtis kraft,pawl
rodger ward,pawl,kuzma
rodger ward,kuzma,kurtis kraft
rodger ward,kurtis kraft,lesovsky
rodger ward,lesovsky,watson
rodger ward,watson,kurtis kraft
rodger ward,kurtis kraft,watson
rodger ward,watson,lotus-brm
rodney nuckey,cooper,cooper
roelof wunderink,ensign,ensign
roger laurent,hwm,hwm
roger laurent,hwm,ferrari
roger loyer,gordini,gordini
roger penske,cooper-climax,cooper-climax
roger penske,cooper-climax,lotus-climax
roger williamson,march,march
roland ratzenberger,simtek,simtek
rolf stommelen,brabham,brabham
rolf stommelen,brabham,surtees
rolf stommelen,surtees,march
rolf stommelen,march,brabham
rolf stommelen,brabham,lola
rolf stommelen,lola,embassy hill
rolf stommelen,embassy hill,lola
rolf stommelen,lola,hesketh
rolf stommelen,hesketh,brabham-alfa romeo
rolf stommelen,brabham-alfa romeo,arrows
romain grosjean,renault,renault
romain grosjean,renault,lotus f1
romain grosjean,lotus f1,haas f1 team
ron flockhart,maserati,maserati
ron flockhart,maserati,brm
ron flockhart,brm,connaught
ron flockhart,connaught,brm
ron flockhart,brm,cooper
ron flockhart,cooper,brm
ron flockhart,brm,cooper-climax
ron flockhart,cooper-climax,team lotus
ronnie bucknum,honda,honda
ronnie peterson,march,march
ronnie peterson,march,march-ford
ronnie peterson,march-ford,march-alfa romeo
ronnie peterson,march-alfa romeo,march
ronnie peterson,march,team lotus
ronnie peterson,team lotus,march
ronnie peterson,march,tyrrell
ronnie peterson,tyrrell,team lotus
roy salvadori,ferrari,ferrari
roy salvadori,ferrari,connaught
roy salvadori,connaught,maserati
roy salvadori,maserati,brm
roy salvadori,brm,cooper
roy salvadori,cooper,vanwall
roy salvadori,vanwall,cooper
roy salvadori,cooper,cooper-maserati
roy salvadori,cooper-maserati,aston martin
roy salvadori,aston martin,cooper-climax
roy salvadori,cooper-climax,aston martin
roy salvadori,aston martin,cooper-climax
roy salvadori,cooper-climax,lola
rubens barrichello,jordan,jordan
rubens barrichello,jordan,stewart
rubens barrichello,stewart,ferrari
rubens barrichello,ferrari,honda
rubens barrichello,honda,brawn
rubens barrichello,brawn,williams
rudi fischer,ferrari,ferrari
rudolf krause,bmw,bmw
rudolf schoeller,ferrari,ferrari
rupert keegan,hesketh,hesketh
rupert keegan,hesketh,surtees
rupert keegan,surtees,williams
rupert keegan,williams,march
sakon yamamoto,super aguri,super aguri
sakon yamamoto,super aguri,spyker
sakon yamamoto,spyker,hrt
sam hanks,kurtis kraft,kurtis kraft
sam hanks,kurtis kraft,epperly
sam posey,surtees,surtees
sam tingle,lotus-climax,lotus-climax
sam tingle,lotus-climax,lds
sam tingle,lds,lds-alfa romeo
sam tingle,lds-alfa romeo,lds-climax
sam tingle,lds-climax,lds
sam tingle,lds,brabham-repco
satoru nakajima,team lotus,team lotus
satoru nakajima,team lotus,tyrrell
scott speed,toro rosso,toro rosso
sebastian vettel,bmw sauber,bmw sauber
sebastian vettel,bmw sauber,toro rosso
sebastian vettel,toro rosso,red bull
sebastian vettel,red bull,ferrari
sebastian vettel,ferrari,aston martin
sergey sirotkin,williams,williams
sergio mantovani,maserati,maserati
sergio pérez,sauber,sauber
sergio pérez,sauber,mclaren
sergio pérez,mclaren,force india
sergio pérez,force india,racing point
sergio pérez,racing point,red bull
shinji nakano,prost,prost
shinji nakano,prost,minardi
shorty templeman,trevis,trevis
shorty templeman,trevis,kurtis kraft
siegfried stohr,arrows,arrows
silvio moser,cooper-ats,cooper-ats
silvio moser,cooper-ats,brabham-repco
silvio moser,brabham-repco,brabham-ford
silvio moser,brabham-ford,bellasi
skip barber,march-ford,march-ford
skip barber,march-ford,march
slim borgudd,ats,ats
slim borgudd,ats,tyrrell
stefan bellof,tyrrell,tyrrell
stefan johansson,shadow,shadow
stefan johansson,shadow,spirit
stefan johansson,spirit,toleman
stefan johansson,toleman,tyrrell
stefan johansson,tyrrell,ferrari
stefan johansson,ferrari,mclaren
stefan johansson,mclaren,ligier
stefan johansson,ligier,onyx
stefan johansson,onyx,footwork
stefan johansson,footwork,ags
stefano modena,brabham,brabham
stefano modena,brabham,euro brun
stefano modena,euro brun,brabham
stefano modena,brabham,tyrrell
stefano modena,tyrrell,jordan
stephen south,mclaren,mclaren
stirling moss,hwm,hwm
stirling moss,hwm,era
stirling moss,era,hwm
stirling moss,hwm,connaught
stirling moss,connaught,cooper
stirling moss,cooper,maserati
stirling moss,maserati,mercedes
stirling moss,mercedes,maserati
stirling moss,maserati,vanwall
stirling moss,vanwall,maserati
stirling moss,maserati,vanwall
stirling moss,vanwall,cooper
stirling moss,cooper,cooper-climax
stirling moss,cooper-climax,brm
stirling moss,brm,cooper-climax
stirling moss,cooper-climax,team lotus
stirling moss,team lotus,lotus-climax
stirling moss,lotus-climax,ferguson
stoffel vandoorne,mclaren,mclaren
stuart lewis-evans,connaught,connaught
stuart lewis-evans,connaught,vanwall
stéphane sarrazin,minardi,minardi
syd van der vyver,lotus-climax,lotus-climax
sébastien bourdais,toro rosso,toro rosso
sébastien buemi,toro rosso,toro rosso
taki inoue,simtek,simtek
taki inoue,simtek,footwork
takuma sato,jordan,jordan
takuma sato,jordan,bar
takuma sato,bar,super aguri
tarso marques,minardi,minardi
ted whiteaway,hwm,hwm
teddy pilette,brabham,brabham
teddy pilette,brabham,brm
teo fabi,toleman,toleman
teo fabi,toleman,brabham
teo fabi,brabham,toleman
teo fabi,toleman,benetton
theo fitzau,afm,afm
theo helfrich,veritas,veritas
theo helfrich,veritas,klenk
thierry boutsen,arrows,arrows
thierry boutsen,arrows,benetton
thierry boutsen,benetton,williams
thierry boutsen,williams,ligier
thierry boutsen,ligier,jordan
thomas monarch,lotus-climax,lotus-climax
tiago monteiro,jordan,jordan
tiago monteiro,jordan,spyker mf1
tiago monteiro,spyker mf1,mf1
tiff needell,ensign,ensign
tim parnell,cooper-climax,cooper-climax
tim parnell,cooper-climax,lotus-climax
tim schenken,de tomaso,de tomaso
tim schenken,de tomaso,brabham
tim schenken,brabham,surtees
tim schenken,surtees,iso marlboro
tim schenken,iso marlboro,trojan
tim schenken,trojan,team lotus
timmy mayer,cooper-climax,cooper-climax
timo glock,jordan,jordan
timo glock,jordan,toyota
timo glock,toyota,virgin
timo glock,virgin,marussia
tom belsø,iso marlboro,iso marlboro
tom bridger,cooper,cooper
tom jones,cooper-climax,cooper-climax
tom pryce,token,token
tom pryce,token,shadow
tom pryce,shadow,shadow-ford
tom pryce,shadow-ford,shadow
tommy byrne,theodore,theodore
tomáš enge,prost,prost
toni branca,maserati,maserati
toni ulmen,veritas,veritas
tony bettenhausen,kurtis kraft,kurtis kraft
tony bettenhausen,kurtis kraft,deidt
tony bettenhausen,deidt,kuzma
tony bettenhausen,kuzma,kurtis kraft
tony bettenhausen,kurtis kraft,epperly
tony bettenhausen,epperly,watson
tony brise,williams,williams
tony brise,williams,embassy hill
tony brooks,brm,brm
tony brooks,brm,vanwall
tony brooks,vanwall,ferrari
tony brooks,ferrari,vanwall
tony brooks,vanwall,cooper-climax
tony brooks,cooper-climax,vanwall
tony brooks,vanwall,brm
tony crook,frazer nash,frazer nash
tony crook,frazer nash,cooper
tony gaze,hwm,hwm
tony maggs,lotus-climax,lotus-climax
tony maggs,lotus-climax,cooper-climax
tony maggs,cooper-climax,brm
tony maggs,brm,lotus-brm
tony marsh,cooper,cooper
tony marsh,cooper,lotus-climax
tony marsh,lotus-climax,brm
tony rolt,era,era
tony rolt,era,connaught
tony settember,emeryson,emeryson
tony settember,emeryson,scirocco
tony shelly,lotus-climax,lotus-climax
tony shelly,lotus-climax,lotus-brm
tony trimmer,maki,maki
tony trimmer,maki,surtees
tony trimmer,surtees,mclaren
toranosuke takagi,tyrrell,tyrrell
toranosuke takagi,tyrrell,arrows
torsten palm,hesketh,hesketh
toshio suzuki,larrousse,larrousse
toulo de graffenried,maserati,maserati
toulo de graffenried,maserati,alfa romeo
toulo de graffenried,alfa romeo,maserati
travis webb,maserati,maserati
travis webb,maserati,bromme
travis webb,bromme,kurtis kraft
travis webb,kurtis kraft,bromme
trevor blokdyk,cooper-maserati,cooper-maserati
trevor blokdyk,cooper-maserati,cooper-ford
trevor taylor,cooper-climax,cooper-climax
trevor taylor,cooper-climax,lotus-climax
trevor taylor,lotus-climax,brp
trevor taylor,brp,lotus-brm
trevor taylor,lotus-brm,shannon
troy ruttman,lesovsky,lesovsky
troy ruttman,lesovsky,kurtis kraft
troy ruttman,kurtis kraft,kuzma
troy ruttman,kuzma,kurtis kraft
troy ruttman,kurtis kraft,watson
troy ruttman,watson,maserati
troy ruttman,maserati,watson
ukyo katayama,larrousse,larrousse
ukyo katayama,larrousse,tyrrell
ukyo katayama,tyrrell,minardi
umberto maglioli,ferrari,ferrari
umberto maglioli,ferrari,maserati
umberto maglioli,maserati,porsche
valtteri bottas,williams,williams
valtteri bottas,williams,mercedes
valtteri bottas,mercedes,alfa romeo
valtteri bottas,alfa romeo,sauber
vern schuppan,ensign,ensign
vern schuppan,ensign,embassy hill
vern schuppan,embassy hill,surtees
vic elford,cooper-brm,cooper-brm
vic elford,cooper-brm,cooper-maserati
vic elford,cooper-maserati,mclaren-ford
vic elford,mclaren-ford,brm
vic wilson,cooper-climax,cooper-climax
vic wilson,cooper-climax,brm
vincenzo sospiri,lola,lola
vitaly petrov,renault,renault
vitaly petrov,renault,caterham
vitantonio liuzzi,red bull,red bull
vitantonio liuzzi,red bull,toro rosso
vitantonio liuzzi,toro rosso,force india
vitantonio liuzzi,force india,hrt
vittorio brambilla,march,march
vittorio brambilla,march,surtees
vittorio brambilla,surtees,alfa romeo
volker weidler,rial,rial
walt ader,rae,rae
walt brown,kurtis kraft,kurtis kraft
walt faulkner,kurtis kraft,kurtis kraft
walt faulkner,kurtis kraft,kuzma
walt faulkner,kuzma,kurtis kraft
walt faulkner,kurtis kraft,kuzma
walt faulkner,kuzma,kurtis kraft
walt hansgen,cooper-climax,cooper-climax
walt hansgen,cooper-climax,team lotus
walt hansgen,team lotus,lotus-climax
warwick brown,wolf,wolf
wayne weiler,epperly,epperly
will stevens,caterham,caterham
will stevens,caterham,manor marussia
willi heeks,afm,afm
willi heeks,afm,veritas
willy mairesse,ferrari,ferrari
willy mairesse,ferrari,lotus-climax
willy mairesse,lotus-climax,ferrari
wilson fittipaldi,brabham,brabham
wilson fittipaldi,brabham,fittipaldi
wolfgang seidel,veritas,veritas
wolfgang seidel,veritas,cooper
wolfgang seidel,cooper,maserati
wolfgang seidel,maserati,cooper-climax
wolfgang seidel,cooper-climax,lotus-climax
wolfgang seidel,lotus-climax,emeryson
wolfgang seidel,emeryson,lotus-brm
wolfgang von trips,ferrari,ferrari
wolfgang von trips,ferrari,porsche
wolfgang von trips,porsche,ferrari
wolfgang von trips,ferrari,cooper-maserati
wolfgang von trips,cooper-maserati,ferrari
yannick dalmas,larrousse,larrousse
yannick dalmas,larrousse,ags
yannick dalmas,ags,larrousse
yuji ide,super aguri,super aguri
yuki tsunoda,alphatauri,alphatauri
yuki tsunoda,alphatauri,rb f1 team
yves cabantous,talbot-lago,talbot-lago
yves cabantous,talbot-lago,hwm
zsolt baumgartner,jordan,jordan
zsolt baumgartner,jordan,minardi
élie bayol,osca,osca
élie bayol,osca,gordini
éric bernard,larrousse,larrousse
éric bernard,larrousse,lola
éric bernard,lola,ligier
éric bernard,ligier,team lotus
érik comas,ligier,ligier
érik comas,ligier,larrousse
óscar gonzález,maserati,maserati
